SampleID,repeat,BarcodeSequence,LinkerPrimerSequence,PrimerNumber,PotNumber,Experiment,Gene,TimePoint,Soil,Group,Treatment,Description
2.A.2,2.A.2,ACACGCAGAGCTGCTA,NA,116,2,Radish,16S,1,Oxixols,Compost,Compost,Crop 1_16S
2.A.4,2.A.4,CACTCACGAGCTGCTA,NA,118,5,Radish,16S,1,Oxixols,Other,Control,Crop 1_16S
2.A.5,2.A.5,AGATATCCAGCTGCTA,NA,119,7,Radish,16S,1,Oxixols,Other,Urea,Crop 1_16S
2.B.3,2.B.3,ACTCGCTACATAGAGA,NA,123,12,Radish,16S,1,Oxixols,Other,Control,Crop 1_16S
2.B.4,2.B.4,ACACGCAGCATAGAGA,NA,124,13,Radish,16S,1,Oxixols,Other,Urea,Crop 1_16S
2.B.6,2.B.6,CACTCACGCATAGAGA,NA,126,16,Radish,16S,1,Oxixols,Compost,Compost,Crop 1_16S
2.C.2,2.C.2,ACGGTGTCCATAGAGA,NA,128,21,Radish,16S,1,Oxixols,Compost,Compost,Crop 1_16S
2.C.5,2.C.5,ACTCGCTACGTAGATC,NA,131,25,Radish,16S,1,Oxixols,Other,Urea,Crop 1_16S
2.C.6,2.C.6,ACACGCAGCGTAGATC,NA,132,26,Radish,16S,1,Oxixols,Other,Control,Crop 1_16S
3.A.2,3.A.2,CACTCACGCGTAGATC,NA,134,2,Radish,16S,2,Oxixols,Compost,Compost,Crop 2_16S
3.A.4,3.A.4,ACGGTGTCCGTAGATC,NA,136,5,Radish,16S,2,Oxixols,Other,Control,Crop 2_16S
3.A.5,3.A.5,CGTACGATCTCGTTAC,NA,137,7,Radish,16S,2,Oxixols,Other,Urea,Crop 2_16S
3.B.3,3.B.3,CTCGATGACTCGTTAC,NA,141,12,Radish,16S,2,Oxixols,Other,Control,Crop 2_16S
3.B.4,3.B.4,CACTCACGCTCGTTAC,NA,142,13,Radish,16S,2,Oxixols,Other,Urea,Crop 2_16S
3.B.6,3.B.6,ACGGTGTCCTCGTTAC,NA,144,16,Radish,16S,2,Oxixols,Compost,Compost,Crop 2_16S
3.C.2,3.C.2,CAGATAGTGCGCACGT,NA,146,21,Radish,16S,2,Oxixols,Compost,Compost,Crop 2_16S
3.C.5,3.C.5,CTCGATGAGCGCACGT,NA,149,25,Radish,16S,2,Oxixols,Other,Urea,Crop 2_16S
3.C.6,3.C.6,CACTCACGGCGCACGT,NA,150,26,Radish,16S,2,Oxixols,Other,Control,Crop 2_16S
4.A.1,4.A.1,AGATATCCGCGCACGT,NA,151,2,Radish,16S,3,Oxixols,Compost,Compost,Crop 3_16S
4.A.2,4.A.2,ACGGTGTCGCGCACGT,NA,152,5,Radish,16S,3,Oxixols,Other,Control,Crop 3_16S
4.A.3,4.A.3,CGTACGATGGTACTAT,NA,153,7,Radish,16S,3,Oxixols,Other,Urea,Crop 3_16S
4.B.1,4.B.1,CAGATAGTGGTACTAT,NA,154,12,Radish,16S,3,Oxixols,Other,Control,Crop 3_16S
4.B.2,4.B.2,ACTCGCTAGGTACTAT,NA,155,13,Radish,16S,3,Oxixols,Other,Urea,Crop 3_16S
4.B.3,4.B.3,ACACGCAGGGTACTAT,NA,156,16,Radish,16S,3,Oxixols,Compost,Compost,Crop 3_16S
4.C.1,4.C.1,CTCGATGAGGTACTAT,NA,157,21,Radish,16S,3,Oxixols,Compost,Compost,Crop 3_16S
4.C.2,4.C.2,CACTCACGGGTACTAT,NA,158,25,Radish,16S,3,Oxixols,Other,Urea,Crop 3_16S
4.C.3,4.C.3,AGATATCCGGTACTAT,NA,159,26,Radish,16S,3,Oxixols,Other,Control,Crop 3_16S
